"","exp(finalFkst$mean)","finalFkst$mean"
"1",110153.399667503,11.6096292157352
"2",105928.261908984,11.5705173695355
"3",115945.239905156,11.6608732888453
"4",214663.31771789,12.2768261156036
"5",455528.501770101,13.0292135662166
"6",699763.518060975,13.4584977256062
"7",910956.988942653,13.7222509621118
"8",777040.4940655,13.5632477439062
"9",568530.534030434,13.2508103005465
"10",337620.723488202,12.7296784245599
"11",193516.780769059,12.1731195100125
"12",127805.781544402,11.7582670589039
